{
  "crashsite": {
    "x": 515.635093806135,
    "y": 133.9498986703088
  },
  "debug-room-2": {
    "x": -200,
    "y": 500
  },
  "debug-room": {
    "x": -50,
    "y": 500
  },
  "def": {
    "x": 100,
    "y": 500
  },
  "training-hall": {
    "x": 400,
    "y": 500
  }
}