{
  "test-arena": {
    "x": 515.2687770378475,
    "y": 291.59516349370534
  },
  "the-descent": {
    "x": 636.2848764212074,
    "y": 250.51630406999607
  },
  "crashsite": {
    "x": 515.635093806135,
    "y": 133.9498986703088
  },
  "the-gauntlet": {
    "x": 840,
    "y": 300
  },
  "debug-room-2": {
    "x": -200,
    "y": 500
  },
  "debug-room": {
    "x": -50,
    "y": 500
  },
  "def": {
    "x": 100,
    "y": 500
  },
  "the-summit": {
    "x": 839.4586946519858,
    "y": 116.17733136002784
  },
  "training-hall": {
    "x": 400,
    "y": 500
  }
}