{
  "test-arena": {
    "x": 446.08788767048486,
    "y": 270.0269692861135
  },
  "the-descent": {
    "x": 635.9519092595143,
    "y": 221.1049514533575
  },
  "crashsite": {
    "x": 515.635093806135,
    "y": 133.9498986703088
  },
  "the-gauntlet": {
    "x": 840,
    "y": 300
  },
  "debug-room-2": {
    "x": -200,
    "y": 500
  },
  "debug-room": {
    "x": -50,
    "y": 500
  },
  "def": {
    "x": 100,
    "y": 500
  },
  "the-summit": {
    "x": 842,
    "y": 133.5
  },
  "training-hall": {
    "x": 400,
    "y": 500
  }
}